,mpg,cyl,disp,hp,drat,wt,qsec,vs,am,gear,carb
count,32.0,32.0,32.0,32.0,32.0,32.0,32.0,32.0,32.0,32.0,32.0
mean,20.090625000000003,6.1875,230.72187499999998,146.6875,3.5965625,3.2172500000000004,17.848750000000003,0.4375,0.40625,3.6875,2.8125
std,6.026948052089104,1.7859216469465444,123.93869383138194,68.56286848932059,0.5346787360709715,0.9784574429896966,1.7869432360968431,0.5040161287741853,0.49899091723584604,0.7378040652569471,1.6151999776318522
min,10.4,4.0,71.1,52.0,2.76,1.513,14.5,0.0,0.0,3.0,1.0
25%,15.425,4.0,120.825,96.5,3.08,2.58125,16.8925,0.0,0.0,3.0,2.0
50%,19.2,6.0,196.3,123.0,3.6950000000000003,3.325,17.71,0.0,0.0,4.0,2.0
75%,22.8,8.0,326.0,180.0,3.92,3.61,18.9,1.0,1.0,4.0,4.0
max,33.9,8.0,472.0,335.0,4.93,5.424,22.9,1.0,1.0,5.0,8.0
